"response_id","survey_duration","q1_role","q1_role_other","q2_dime_yes","q3_institution","q3_institution_other","q4_responsibility_run","q4_responsibility_review","q4_responsibility_field","q4_responsibility_none","q4_responsibility_other","q5_check_period","q5_check_period_other","q6_hfc_tool_ipacheck","q6_hfc_tool_unhcr","q6_hfc_tool_r_pkgs","q6_hfc_tool_surveycto","q6_hfc_tool_custom_stata","q6_hfc_tool_custom_r","q6_hfc_tool_none","q6_hfc_tool_other","q7_hfc_setup_time","q8_hfc_check_dup","q8_hfc_check_missing","q8_hfc_check_outliers","q8_hfc_check_enum","q8_hfc_check_admin","q8_hfc_check_logic","q8_hfc_check_progress","q8_hfc_check_desc_stats","q8_hfc_check_enum_comments","q8_hfc_check_none","q8_hfc_check_other","q9_hfc_wish_dup","q9_hfc_wish_missing","q9_hfc_wish_outliers","q9_hfc_wish_enum","q9_hfc_wish_admin","q9_hfc_wish_logic","q9_hfc_wish_progress","q9_hfc_wish_desc_stats","q9_hfc_wish_enum_comments","q9_hfc_wish_none","q9_hfc_wish_other","q10_hfc_limits","q11_hfc_output_xls","q11_hfc_output_gdoc","q11_hfc_output_dyn","q11_hfc_output_shiny","q11_hfc_output_none","q11_hfc_output_other","q12_hfc_output_limits","q13_hfc_aware_ipacheck","q13_hfc_aware_unhcr","q13_hfc_aware_r_pkgs","q13_hfc_aware_surveycto","q13_hfc_aware_custom_stata","q13_hfc_aware_custom_r","q13_hfc_aware_none","q13_hfc_aware_other","q14_hfc_improve_ipacheck_access","q14_hfc_improve_ipacheck_function","q14_hfc_improve_ipacheck_custom","q14_hfc_improve_ipacheck_repli","q14_hfc_improve_ipacheck_share","q14_hfc_improve_ipacheck_none","q14_hfc_improve_unhcr_access","q14_hfc_improve_unhcr_function","q14_hfc_improve_unhcr_custom","q14_hfc_improve_unhcr_repli","q14_hfc_improve_unhcr_share","q14_hfc_improve_unhcr_none","q14_hfc_improve_r_pkgs_access","q14_hfc_improve_r_pkgs_function","q14_hfc_improve_r_pkgs_custom","q14_hfc_improve_r_pkgs_repli","q14_hfc_improve_r_pkgs_share","q14_hfc_improve_r_pkgs_none","q14_hfc_improve_surveycto_access","q14_hfc_improve_surveycto_function","q14_hfc_improve_surveycto_custom","q14_hfc_improve_surveycto_repli","q14_hfc_improve_surveycto_share","q14_hfc_improve_surveycto_none","q14_hfc_improve_custom_stata_access","q14_hfc_improve_custom_stata_function","q14_hfc_improve_custom_stata_custom","q14_hfc_improve_custom_stata_repli","q14_hfc_improve_custom_stata_share","q14_hfc_improve_custom_stata_none","q14_hfc_improve_custom_r_access","q14_hfc_improve_custom_r_function","q14_hfc_improve_custom_r_custom","q14_hfc_improve_custom_r_repli","q14_hfc_improve_custom_r_share","q14_hfc_improve_custom_r_none","q14_hfc_improve_other_access","q14_hfc_improve_other_function","q14_hfc_improve_other_custom","q14_hfc_improve_other_repli","q14_hfc_improve_other_share","q14_hfc_improve_other_none","q15_hfc_ideal","formdef_version","key","submissiondate","starttime","endtime"
"1001","12765","Researcher (Research Assistant)",,,,,,,,,,,,,,,,,,,,,,,,,,,,,,,,,,,,,,,,,,,,,,,,,,,,,,,,,,,,,,,,,,,,,,,,,,,,,,,,,,,,,,,,,,,,,,,,,,,,,,2303311305,"uuid:e380273f-9a9c-4366-8b4f-27b15eba742c",2023-04-03 14:42:57,2023-04-03 11:10:11,2023-04-03 14:42:56
"1002","503","Researcher (Research Assistant)",,"Yes",,,1,1,0,0,,"Daily",,0,0,0,0,1,0,0,,40,1,1,1,1,1,1,1,1,0,0,,0,0,0,0,0,0,0,0,0,1,,,1,0,1,0,0,,,1,0,0,0,0,1,0,,0,0,1,0,0,0,,,,,,,,,,,,,,,,,,,,,,,,,0,1,0,0,1,0,,,,,,,,2304051412,"uuid:4b2c5384-5343-4c30-b63c-6eb050d5b342",2023-04-05 20:36:31,2023-04-05 20:28:08,2023-04-05 20:36:31
"1003","300","Researcher (Research Assistant)",,"Yes",,,1,1,1,0,,"Daily",,0,0,0,0,1,1,0,,5,1,1,1,1,1,1,1,1,1,0,,,,,,,,,,,,,,0,1,1,1,0,,,1,1,1,1,0,0,0,,0,0,0,0,0,1,0,0,0,0,0,1,0,0,0,0,0,1,0,0,0,0,0,1,,,,,,,,,,,,,,,,,,,"Better shiny app adaptability (?)",2304051412,"uuid:67b9e2a8-7d62-4a12-80b2-6267a03e4740",2023-04-05 20:49:02,2023-04-05 20:44:01,2023-04-05 20:49:02
"1004","272","Student",,"No","University, research institute or think tank",,0,1,0,0,,"Weekly",,0,1,1,0,0,1,0,,,1,1,1,0,1,0,0,0,0,0,,0,0,0,1,0,1,1,0,0,0,,"It's usability. It requires the knowledge of data programming",1,1,0,0,0,,"Yes",1,0,0,1,0,0,0,,0,1,1,0,0,0,,,,,,,,,,,,,0,1,0,0,1,0,,,,,,,,,,,,,,,,,,,,2304051412,"uuid:4499d21d-91c9-4f8b-8a32-bba6161f70f5",2023-04-05 20:58:25,2023-04-05 20:53:53,2023-04-05 20:58:24
"1005","290","Researcher (Field Coordinator)",,"No","Non-governmental organization (NGO)",,1,0,0,0,,"More than once a week",,0,0,1,0,1,0,0,,,1,1,1,1,1,1,0,0,1,0,,0,0,0,0,0,0,1,0,0,0,,,1,1,0,0,0,,,1,0,0,0,0,0,0,,0,0,1,1,0,0,,,,,,,,,,,,,,,,,,,,,,,,,,,,,,,,,,,,,,2304051412,"uuid:8fe7b1da-18fc-4858-8e50-547c9ae379b7",2023-04-05 21:35:49,2023-04-05 21:30:59,2023-04-05 21:35:49
"1006","461","Student",,"No","Non-governmental organization (NGO)",,1,1,1,0,,"Daily",,0,0,0,1,0,0,0,,2,1,0,0,0,1,1,1,1,0,0,,0,1,1,1,0,0,0,0,0,0,,"I always get a terrible errors",1,1,0,0,0,,"Yes",1,0,1,0,0,0,0,,0,1,1,0,0,0,,,,,,,0,1,1,0,0,0,,,,,,,,,,,,,,,,,,,,,,,,,"Free errors",2304051412,"uuid:7b1c2313-5719-43a4-8212-619a550c9002",2023-04-05 22:56:04,2023-04-05 22:48:23,2023-04-05 22:56:04
"1007","552","M&E (In-House)",,"No","Non-governmental organization (NGO)",,1,1,0,0,,"Daily",,1,0,0,1,0,0,0,,6,1,1,1,1,1,1,1,0,0,0,,0,0,0,0,0,0,0,0,1,0,,"It takes time to set up and is difficult for lay people to interpret.",1,0,0,0,0,,"It does, but would be great to see it all in one dynamic document",0,0,0,0,1,0,0,,,,,,,,,,,,,,,,,,,,,,,,,,0,1,0,1,1,0,,,,,,,,,,,,,"Simpler function for processing comments. Ability to summarise the report in one dynamic document",2304051412,"uuid:3ed8c3d1-37fa-4279-8abb-116972ecc2a6",2023-04-06 00:40:16,2023-04-06 00:31:04,2023-04-06 00:40:16
"1008","544","Data scientist",,"No","Government agency/ministry",,1,1,0,0,,"Weekly",,0,0,0,0,1,0,0,"Spreadsheets",99,1,1,1,1,1,1,1,1,0,0,,0,0,0,0,0,0,0,0,0,1,,"n/a",1,1,1,0,0,,"Yes",1,0,0,0,0,0,0,,1,0,1,0,0,0,,,,,,,,,,,,,,,,,,,,,,,,,,,,,,,,,,,,,"Customizable frequency settings: The ability to adjust the frequency of checks to meet specific needs, such as hourly, daily, weekly, or monthly intervals. User-friendly interface: A clean, easy-to-use interface that allows users to quickly set up and configure checks, and view the results of those checks. Multi-platform support: The ability to run checks across different operating systems, such as Windows, Mac, and Linux. Email notifications: The ability to send notifications via email when a check fails, or when certain conditions are met. Integration with other tools: The ability to integrate with other tools, such as monitoring systems or dashboards, to provide a more comprehensive view of system health. Customizable alerts: The ability to customize alerts based on severity, urgency, or other criteria. Historical data tracking: The ability to store and track historical data for trend analysis and reporting. Automated remediation: The ability to automatically perform remediation actions when a check fails, such as restarting a service or triggering a script. Security features: The ability to securely store and transmit sensitive information, such as login credentials or API keys. Robust reporting: The ability to generate detailed reports on check results, with customizable metrics and visualizations.",2304051412,"uuid:bcb1b2bf-c39f-4b1f-9e80-59231afa60bc",2023-04-06 02:00:20,2023-04-06 01:51:16,2023-04-06 02:00:20
"1009","220",,,,,,0,0,0,0,,,,0,0,0,0,0,0,0,,,0,0,0,0,0,0,0,0,0,0,,0,0,0,0,0,0,0,0,0,0,,,0,0,0,0,0,,,0,0,0,0,0,0,0,,,,,,,,,,,,,,,,,,,,,,,,,,,,,,,,,,,,,,,,,,,,,2304051412,"uuid:dbecbb31-c6a5-4bc1-bc09-a9956b4d706c",2023-04-06 02:06:07,2023-04-06 02:02:26,2023-04-06 02:06:07
"1010","205","Researcher (Research Assistant)",,"No","Private sector/For-profit organization",,1,1,1,0,,"Daily",,0,0,0,1,1,0,0,,5,1,1,1,1,1,1,0,1,1,0,,0,0,0,0,0,0,1,0,0,0,,"Inconsistent between surveys",1,1,0,0,0,,"No, sometimes hard to interpret which findings are most important",0,0,0,0,0,0,1,,,,,,,,,,,,,,,,,,,,,,,,,,,,,,,,,,,,,,,,,,,,,2304051412,"uuid:85881f3a-f085-4247-bd2f-d66d579159d9",2023-04-06 02:35:24,2023-04-06 02:31:59,2023-04-06 02:35:24
"1011","166","Researcher (Principal Investigator)",,"No","University, research institute or think tank",,1,1,1,0,,"Weekly",,0,0,0,0,0,0,0,"We have our own tool",99,1,1,0,1,0,1,0,1,1,0,,0,0,0,0,0,0,0,0,0,1,,"It takes a long time",0,0,0,0,1,,,0,0,0,0,1,0,0,,,,,,,,,,,,,,,,,,,,,,,,,,1,1,1,1,1,0,,,,,,,,,,,,,"No idea",2304051412,"uuid:6d2fee54-c4cf-4d11-a479-ca1aba6c7d4b",2023-04-06 03:04:24,2023-04-06 03:01:38,2023-04-06 03:04:24
"1012","523","Researcher (Principal Investigator)",,"No","University, research institute or think tank",,1,0,0,0,"designing quality control mechanisms; supervising others responsible for data quality control","Daily",,0,0,0,0,0,1,0,,,0,1,1,0,0,1,0,1,0,0,,1,0,0,1,1,0,1,0,1,0,,"Using ODK (and variants thereof, like Kobo, etc.), we cannot check data until it is in the server, and the form is then closed on the enumerator's device. Any edits therefor need to be made manually to the database (or kept track of in a separate step in post-processing). Somehow this doesn't seem optimal.",0,0,1,1,0,,"no. Takes too much time to program, and too many steps are not automated, so its inefficient.",0,0,0,0,0,0,1,,,,,,,,,,,,,,,,,,,,,,,,,,,,,,,,,,,,,,,,,,,,,2304051412,"uuid:03496fcf-796c-40da-8bff-c234b64c27e1",2023-04-06 03:17:24,2023-04-06 03:08:41,2023-04-06 03:17:24
"1013","324","Researcher (Other)",,"No","Private sector/For-profit organization",,0,0,0,1,,"Other, please specify","Checks done only once when the data is collected",0,0,0,0,0,0,0,"Python",,0,1,0,0,0,0,0,0,0,0,,0,0,1,0,0,1,0,1,0,0,,"Lack of proper data quality check pipeline",0,0,0,0,1,,,0,0,0,0,0,0,1,,,,,,,,,,,,,,,,,,,,,,,,,,,,,,,,,,,,,,,,,,,,"Easily interpretable summary",2304051412,"uuid:d8d294a3-084e-49a5-beae-32a763e50e6b",2023-04-06 03:18:33,2023-04-06 03:13:10,2023-04-06 03:18:33
"1014","1580","Researcher (Other)",,"Yes",,,0,1,0,0,,"Daily",,0,0,0,0,1,0,0,,,1,1,1,1,1,1,1,1,1,0,,,,,,,,,,,,,"They take a long time to run. Outputs are not super intuitive what the enumerator has to do to respond to the flag.",1,0,1,0,0,,,1,0,0,1,0,0,0,,0,1,1,0,0,0,,,,,,,,,,,,,0,1,1,0,0,0,,,,,,,,,,,,,,,,,,,"Output for enumerators to provide feedback on flagged data points, which can then be used to easily apply corrections to the dataset.",2304051412,"uuid:681044de-a9c9-4cdb-ac30-125fb57cd464",2023-04-06 03:31:22,2023-04-06 03:05:02,2023-04-06 03:31:22
"1015","637","Survey firm (Other)",,"No","Private sector/For-profit organization",,0,1,1,0,,"Daily",,0,0,0,1,0,0,0,,8,1,1,1,1,1,1,1,0,1,0,,0,0,0,0,0,0,0,1,0,0,,"The process of conducting data quality checks is time-consuming and resource-intensive.",1,1,1,1,0,,"Yes",0,0,1,0,1,1,0,,,,,,,,,,,,,,1,1,1,1,1,0,,,,,,,1,1,1,1,1,0,1,1,1,1,1,0,,,,,,,,2304051412,"uuid:854266a1-312a-4c53-9c8a-920f4892fd0d",2023-04-06 05:07:01,2023-04-06 04:56:24,2023-04-06 05:07:01
"1016","870","Data scientist",,"Yes",,,1,1,1,0,,"Weekly",,0,0,0,1,1,1,0,,,1,1,1,1,0,0,0,1,0,0,,0,0,0,0,0,1,1,0,0,0,,"When responders have to upload different documents, SurveyCTO doesn't have a standard naming for the documents and exports them all at once in a same folder, making it time consuming to program it to organize the information by responder. At least that's what I've noticed, maybe it does but I haven't figure out how to.",1,1,0,1,0,,"Right now they do",0,0,0,0,0,0,1,,,,,,,,,,,,,,,,,,,,,,,,,,,,,,,,,,,,,,,,,,,,"Identify repeated or very similar entrees, to track the amount of entrees every certain time, identify outliers, identify patterns in the choices selected, high percentage of missing values, if people began filling up the survey but didn't finish and in which part they stopped responding.",2304051412,"uuid:ea14c502-9314-4c2e-a0cd-85e2c8bbe2f8",2023-04-06 09:33:57,2023-04-06 09:19:26,2023-04-06 09:33:57
"1017","160","Researcher (Principal Investigator)",,"No","Government agency/ministry",,1,0,0,0,,"Daily",,0,0,0,1,0,0,0,,20,1,0,1,1,0,1,0,0,0,0,,0,1,0,0,0,0,0,1,0,0,,,0,0,0,0,1,,,0,0,0,0,0,0,1,,,,,,,,,,,,,,,,,,,,,,,,,,,,,,,,,,,,,,,,,,,,,2304051412,"uuid:66e98948-eced-44e4-bdb0-19c63a02cafa",2023-04-06 09:34:58,2023-04-06 09:32:18,2023-04-06 09:34:58
"1018","2176","Researcher (Research Assistant)",,"Yes",,,0,1,0,0,,"Daily",,0,0,0,0,1,1,0,,24,1,1,1,1,0,1,1,1,1,0,,0,0,0,0,1,0,0,0,0,0,,"There are too many things to check, hard to present in succint way where we can easily catch potential issues!",1,0,1,0,0,,"yes depending on how long the survey is",0,0,0,0,0,0,1,,,,,,,,,,,,,,,,,,,,,,,,,,,,,,,,,,,,,,,,,,,,"something very flexible that can easily be adapted to a specific survey or specific needs without too much work. I think the tool should automatize the transition from the raw data to the tfinal output while being super flexible on the checks implemented or what will be included in the final output",2304051412,"uuid:301430df-b125-45d4-8121-0ff5fcd7adec",2023-04-06 10:48:32,2023-04-06 10:12:17,2023-04-06 10:48:32
"1019","334","Researcher (Principal Investigator)",,"No","Government agency/ministry",,0,1,0,0,,"Daily",,0,0,0,1,0,0,0,,2,1,1,1,0,0,0,0,0,0,0,,0,0,0,1,0,1,0,0,1,0,,"NONE",1,1,0,0,0,,"YES",0,0,1,0,0,0,0,,,,,,,,,,,,,,0,1,0,0,0,0,,,,,,,,,,,,,,,,,,,,,,,,,"NONE",2304051412,"uuid:ff75ed19-6137-4ec2-bcfc-c0152e000bd9",2023-04-06 10:58:46,2023-04-06 10:53:11,2023-04-06 10:58:46
"1020","318","M&E (Contractor)",,"No","Non-governmental organization (NGO)",,1,1,0,0,,"Weekly",,0,0,0,1,0,0,0,,,1,1,1,0,0,0,0,0,0,0,,0,0,0,1,0,1,0,0,0,0,,,1,0,0,0,0,,,0,0,0,0,0,0,1,,,,,,,,,,,,,,,,,,,,,,,,,,,,,,,,,,,,,,,,,,,,,2304051412,"uuid:8dd7ec4a-7073-4495-8c74-d68547034349",2023-04-06 15:34:45,2023-04-06 15:29:27,2023-04-06 15:34:45
"1021","380","Researcher (Field Coordinator)",,"No","Government agency/ministry",,1,1,1,0,,"More than once a week",,1,0,0,1,1,0,0,,,1,1,1,1,1,1,1,1,1,0,,,,,,,,,,,,,"Some of the nested repeat group in programming are hard to check",1,0,1,0,0,,"Sometimes it become hard to display all results in spreadsheet",0,0,0,0,0,0,0,"Stata",,,,,,,,,,,,,,,,,,,,,,,,,,,,,,,,,,,,,1,1,1,1,1,0,"Easy to be reproducible, and producing readable results",2304051412,"uuid:8b3615a7-7ad7-4ce2-94fc-034d323a1081",2023-04-06 16:33:00,2023-04-06 16:26:40,2023-04-06 16:33:00
"1022","588","Researcher (Principal Investigator)",,"No","Development agency (FCDO,IADB, AfDB, UN, EU, etc)",,1,1,0,0,,"Daily",,1,0,0,0,1,0,0,,20,1,1,1,1,1,1,1,1,1,0," to check whether this information could have been classified in existing categories or if new categories should be created",,,,,,,,,,,,"Takes some time to adapt, especially when multiple rosters (with survey solutions surveys at least), outputs are not always at the same place",1,0,0,0,0,"Online dashboard within the survey software","Could be more visual",0,0,0,0,0,0,1,,,,,,,,,,,,,,,,,,,,,,,,,,,,,,,,,,,,,,,,,,,,"Dashboards that can be customized, faster adaptation to the survey tools",2304051412,"uuid:609fa220-01dd-4e52-a783-ae1d97ca14e5",2023-04-06 17:37:20,2023-04-06 17:27:32,2023-04-06 17:37:20
"1023","366","Researcher (Research Assistant)",,"No","University, research institute or think tank",,1,1,0,0,,"Weekly",,0,0,0,0,0,0,0,"Manual checks",5,1,1,1,1,1,1,1,1,0,0,,0,0,0,0,0,0,0,0,0,1,,"Don't get out an output file with results of all the checks in one place. I used to generate a pdf of the Stata log file.",0,0,0,0,0,"Log file/pdf","Hard to read, not formatted nicely.",1,0,0,1,0,0,0,,0,0,1,0,0,0,,,,,,,,,,,,,0,0,1,0,0,0,,,,,,,,,,,,,,,,,,,"Ability to select which checks i want, which ones to output and be able to visualize them",2304051412,"uuid:bbbcb815-3ad2-47bd-b9c8-8b584a2a9cac",2023-04-06 20:55:55,2023-04-06 20:49:49,2023-04-06 20:55:55
"1024","227","Survey firm (Manager)",,"No","Non-governmental organization (NGO)",,0,1,1,0,,"More than once a month",,0,0,0,0,0,1,0,,2,1,0,0,1,1,1,1,0,0,0,,0,0,0,0,0,0,0,0,0,0,"Not sure, I don’t run it directly",,1,0,0,0,0,,"Yes",0,0,0,0,0,0,1,,,,,,,,,,,,,,,,,,,,,,,,,,,,,,,,,,,,,,,,,,,,,2304051412,"uuid:ba91e10d-279c-447e-a722-cd6caf3e6752",2023-04-07 06:26:47,2023-04-07 06:22:59,2023-04-07 06:26:47
"1025","1056","Researcher (Research Assistant)",,"Yes",,,1,1,1,0,,"More than once a week",,1,0,0,1,1,0,0,,1260,1,1,1,1,1,1,1,1,1,0,,,,,,,,,,,,,"Does not allow for specific relations checks within and between variables; limited room for some desaggrated sub-group data flow checks.",1,0,1,0,0,,"Difficult to figure out some specific disaggratated data checks; does not allows for some customized level of check that identify discrepancies within and between variables.",0,0,0,0,0,0,1,,,,,,,,,,,,,,,,,,,,,,,,,,,,,,,,,,,,,,,,,,,,"Flexibility in conducting customed checks; possibility to use conditions over many variables for some checks",2304051412,"uuid:3741590b-2bfa-4131-8065-cd54b8668c31",2023-04-07 09:38:41,2023-04-07 09:21:05,2023-04-07 09:38:41
"1026","194","Researcher (Research Assistant)",,"Yes",,,1,1,1,0,,"Daily",,0,0,0,1,1,0,0,,40,1,1,1,1,1,1,0,1,1,0,,0,0,0,0,0,0,1,0,0,0,,"None",1,1,1,0,0,,"Yes",0,0,0,0,0,0,1,,,,,,,,,,,,,,,,,,,,,,,,,,,,,,,,,,,,,,,,,,,,"Nit yet",2304051412,"uuid:4d630e5e-b76b-4694-a4dd-c7c48a982ba6",2023-04-07 09:51:19,2023-04-07 09:48:05,2023-04-07 09:51:19
"1027","86140","Researcher (Principal Investigator)",,"Yes",,,0,1,1,0,,"More than once a week",,1,0,0,0,1,0,0,,,1,1,1,1,0,0,0,1,0,0,,0,0,0,0,0,0,0,0,0,0,"I would like to assess the uniformity/variation of answers within individuals/questions/modules, particularly when using Likert scales type-questions",,1,0,0,0,0,,,0,0,0,0,0,0,1,,,,,,,,,,,,,,,,,,,,,,,,,,,,,,,,,,,,,,,,,,,,,2304051412,"uuid:6b485b1c-d78f-481f-8b2e-11598c6d0b5c",2023-04-07 11:58:33,2023-04-06 12:02:53,2023-04-07 11:58:32
"1028","456","Researcher (Principal Investigator)",,"No","Private sector/For-profit organization",,1,0,1,0,,"Daily",,0,0,0,0,1,0,0,,6,1,1,0,1,0,0,0,0,0,0,,0,0,0,0,0,0,0,1,1,0,,"my team for quality checks assume  the enumerators collected correct data",1,1,0,0,0,,"yes",0,0,0,1,0,0,0,,,,,,,,,,,,,,,,,,,,0,1,0,0,0,0,,,,,,,,,,,,,,,,,,,,2304051412,"uuid:5f0bc06d-3b28-4dc1-9525-62b6d2660aac",2023-04-07 12:34:55,2023-04-07 12:27:19,2023-04-07 12:34:55
"1029","1139","M&E (In-House)",,"No","Government agency/ministry",,1,1,1,0,,"More than once a month",,0,0,0,0,0,0,0,"Advanced Excel",3,1,1,1,1,0,1,1,0,1,0,,0,0,0,0,0,0,0,0,0,1,,"Staff Capacity",1,0,1,0,0,,"Yes",0,0,0,0,0,0,1,,,,,,,,,,,,,,,,,,,,,,,,,,,,,,,,,,,,,,,,,,,,"Sorting of data by datetime to identify most updated completed forms",2304051412,"uuid:b86f0139-2281-4a10-b07c-0b175ec9067d",2023-04-07 22:15:00,2023-04-07 21:56:01,2023-04-07 22:15:00
"1030","368","Researcher (Research Assistant)",,"No","University, research institute or think tank",,1,1,1,0,,"Daily",,1,0,0,0,0,0,0,,9,1,1,1,1,1,1,1,1,1,0,,,,,,,,,,,,,"The missing percentage per variable by enumerator",1,0,0,0,0,,"Yes",0,0,0,0,0,0,1,,,,,,,,,,,,,,,,,,,,,,,,,,,,,,,,,,,,,,,,,,,,"Check missing rate per variable by enumerator",2304051412,"uuid:5af75c41-a681-41a6-a809-eb6dde09d594",2023-04-08 06:10:25,2023-04-08 06:04:17,2023-04-08 06:10:25
"1031","275","Researcher (Principal Investigator)",,"No","Private sector/For-profit organization",,1,1,1,0,,"More than once a week",,0,0,0,0,0,0,0,"Excel, KoboCollect and Google Tools",6,0,0,0,1,1,1,1,1,1,0,,0,0,0,0,0,0,0,0,0,1,,,1,1,0,0,0,,,0,0,0,0,0,0,0,"Excel",,,,,,,,,,,,,,,,,,,,,,,,,,,,,,,,,,,,,1,1,1,1,1,0,,2304051412,"uuid:3d400f07-9876-452e-8cab-caebbc4d82da",2023-04-08 06:30:20,2023-04-08 06:25:45,2023-04-08 06:30:20
"1032","862","Researcher (Research Assistant)",,"No","University, research institute or think tank",,1,1,1,0,,"Daily",,0,0,0,0,1,0,0,,6,1,0,1,1,0,0,1,1,1,0,,0,0,0,0,0,1,0,0,0,0,,"The limitations is that we must keep updating the code for data checks, which make it difficult to standardize it for the primary data collection exercises.",1,0,0,0,0,,"Yes",1,0,0,0,0,0,0,,1,0,1,1,1,0,,,,,,,,,,,,,,,,,,,,,,,,,,,,,,,,,,,,," responses because of the enumerator poor understanding of the data collection instrument.",2304051412,"uuid:9da21f09-59a1-4063-ac98-51205901cf01",2023-04-10 06:26:51,2023-04-10 06:12:29,2023-04-10 06:26:51
"1033","160","M&E (In-House)",,"No","Prefer not to say",,0,0,0,1,,"Daily",,0,0,0,1,1,1,0,,,0,0,0,0,0,0,0,0,0,0,"-99",0,0,0,0,0,0,0,0,0,0,"-99",,1,1,0,0,0,,"Yes",0,0,0,0,0,0,1,,,,,,,,,,,,,,,,,,,,,,,,,,,,,,,,,,,,,,,,,,,,,2304051412,"uuid:205e002d-66bd-48c0-824a-e0da00da62c4",2023-04-10 08:46:14,2023-04-10 08:43:34,2023-04-10 08:46:14
"1034","1107","Researcher (Research Assistant)",,"No","University, research institute or think tank",,1,1,1,0,,"Daily",,0,0,0,0,1,1,0,,40,1,1,1,1,0,1,1,1,1,0,,0,0,0,0,0,0,0,0,0,0,"To cross check with another long data set based of keys (I.e roster data)",,1,0,0,0,0,,,1,1,0,0,0,0,0,,1,1,1,0,0,0,1,1,1,0,0,0,,,,,,,,,,,,,,,,,,,,,,,,,,,,,,,,2304051412,"uuid:927c9e16-3065-4f4c-a22f-bdd8f8f712f1",2023-04-10 09:49:22,2023-04-10 09:30:54,2023-04-10 09:49:22
"1035","998","Researcher (Research Assistant)",,"Yes",,,0,1,0,0,"Setting up the code to be run regularly by another team member","More than once a week",,1,0,0,1,0,0,0,,120,1,1,1,1,1,1,1,0,1,0,,0,0,0,0,0,0,0,1,0,0,,"The big issue was in the amount of bugs the newest version of ipacheck has",1,0,0,0,0,,,0,0,0,0,0,0,1,,,,,,,,,,,,,,,,,,,,,,,,,,,,,,,,,,,,,,,,,,,,"The plan for the iehfc platform already incorporates all the features and functionalities that I would like to see",2304051412,"uuid:41c6ea13-4baa-46b1-a065-10949578beb5",2023-04-10 18:29:00,2023-04-10 18:12:22,2023-04-10 18:29:00
"1036","298","Survey firm (Manager)",,"Yes",,,0,1,1,0,,"Daily",,0,0,0,0,1,0,0,,96,1,1,1,0,0,1,1,0,0,0,,0,0,0,1,1,0,0,1,1,0,,"Human resources",0,0,1,0,0,,"No",0,0,0,0,0,0,1,,,,,,,,,,,,,,,,,,,,,,,,,,,,,,,,,,,,,,,,,,,,"All previously listed",2304051412,"uuid:50422b59-fbee-4044-948d-df725e7423b5",2023-04-12 14:46:21,2023-04-12 14:41:24,2023-04-12 14:46:21
"1037","1609","Researcher (Field Coordinator)",,"Yes",,,0,0,1,0,,"Daily",,0,0,0,1,1,0,0,,99,1,1,1,0,0,0,0,0,1,0,,0,0,0,1,1,0,0,0,0,0,,"Integrating my self with the updated programs like R",1,1,1,0,0,,"yes, but upgrading the tools to be used is important",0,0,0,0,0,0,1,,,,,,,,,,,,,,,,,,,,,,,,,,,,,,,,,,,,,,,,,,,,"features and functionalities used by the R programming",2304051412,"uuid:4a9c9c2a-2f77-48b5-a176-b5f94a83ed29",2023-04-12 15:07:06,2023-04-12 14:40:17,2023-04-12 15:07:06
"1038","903","Researcher (Other)",,"No","University, research institute or think tank",,1,1,1,0,,"Other, please specify","occasionally",0,0,0,0,0,0,0,"none",,1,0,1,0,0,1,0,0,0,0,,0,1,0,1,1,0,1,1,1,0,,,0,0,0,0,1,,,0,0,0,0,0,0,1,,,,,,,,,,,,,,,,,,,,,,,,,,,,,,,,,,,,,,,,,,,,,2304051412,"uuid:c225b785-d193-49da-a1e8-6dbf8a5a5bca",2023-04-12 15:38:50,2023-04-12 15:23:47,2023-04-12 15:38:50
"1039","349","Researcher (Other)",,"No","Private sector/For-profit organization",,0,0,0,1,,"Weekly",,0,0,1,0,0,0,0,,5,0,0,0,0,0,1,0,0,0,0,,0,0,0,0,1,0,0,0,0,0,,"Good results",0,0,1,0,0,,"Yes",0,0,0,0,1,0,0,,,,,,,,,,,,,,,,,,,,,,,,,,0,1,0,0,0,0,,,,,,,,,,,,,"Yes",2304051412,"uuid:ae7f95c6-aacb-45dd-88fd-486f4f6e4631",2023-04-12 15:58:53,2023-04-12 15:53:04,2023-04-12 15:58:53
"1040","4800","Researcher (Field Coordinator)",,"Yes",,,1,1,0,0,,"Daily",,0,0,0,0,1,0,0,,50,1,1,1,1,0,0,1,1,0,0,"audio checks",0,0,0,0,0,0,0,0,1,0,,"readability of outputs, transferability of materials and method",1,0,0,0,0,"txt log file",,1,0,0,1,0,0,0,,0,1,1,1,1,0,,,,,,,,,,,,,0,0,0,0,0,1,,,,,,,,,,,,,,,,,,,"visualization, easy customization",2304051412,"uuid:f8579d7e-1ed0-4182-8dd3-18a2d076f8b4",2023-04-12 16:06:35,2023-04-12 14:46:35,2023-04-12 16:06:35
"1041","445","M&E (Contractor)",,"Yes",,,1,1,0,0,,"Daily",,0,0,0,0,0,0,0,"We manually does that",99,1,1,1,0,0,1,0,0,0,0,,0,0,0,0,0,0,1,1,1,0,,"Lack of resources to do that including human resource",1,0,0,0,0,,"Yes",0,0,0,0,0,0,1,,,,,,,,,,,,,,,,,,,,,,,,,,,,,,,,,,,,,,,,,,,,,2304051412,"uuid:b2b2545a-1888-411b-af15-7def25f98c00",2023-04-12 16:28:20,2023-04-12 16:20:55,2023-04-12 16:28:20
"1042","877","Researcher (Research Assistant)",,"No","University, research institute or think tank",,0,0,1,0,,"More than once a month",,0,0,1,0,0,0,0,,99,0,1,0,0,0,0,1,1,0,0,,0,0,0,1,1,0,0,0,0,0,,"number of respondents refusing to consent",1,0,0,0,0,,"yes",0,0,0,0,0,0,1,,,,,,,,,,,,,,,,,,,,,,,,,,,,,,,,,,,,,,,,,,,,"relationships",2304051412,"uuid:5f5f1597-3aa2-4468-b9d8-21ae3f908991",2023-04-12 16:49:34,2023-04-12 16:34:56,2023-04-12 16:49:34
"1043","352","M&E (Other)",,"Yes",,,1,0,0,0,,"Once a month",,0,1,0,0,0,0,0,,8,1,1,1,1,0,0,1,0,0,0,,0,0,0,0,1,1,0,1,1,0,,"Real time check affected by internet network",1,0,0,0,0,,"No",0,0,0,1,0,0,0,,,,,,,,,,,,,,,,,,,,1,0,1,1,0,0,,,,,,,,,,,,,,,,,,,,2304051412,"uuid:a0ff45e4-7b83-47e0-9e29-710038f18f49",2023-04-12 19:25:56,2023-04-12 19:20:04,2023-04-12 19:25:56
"1044","5628","M&E (In-House)",,"No","Non-governmental organization (NGO)",,1,1,1,0,,"Once a month",,0,0,1,1,0,0,0,"Data validation tools",24,1,1,1,1,1,1,1,0,0,0,,0,0,0,0,0,0,0,1,0,0,,,1,1,1,1,0,,,1,0,0,0,1,1,0,,0,1,1,1,0,0,,,,,,,,,,,,,,,,,,,0,1,1,1,0,0,1,1,0,1,0,0,,,,,,,,2304051412,"uuid:50ab543b-eac5-46f8-bc48-d195141b3230",2023-04-12 19:36:27,2023-04-12 18:02:39,2023-04-12 19:36:27
"1045","332","Policy analyst",,"No","Non-governmental organization (NGO)",,0,1,0,0,,"Once a month",,0,0,0,0,0,1,0,,,0,1,0,0,0,0,0,0,0,0,,0,0,1,0,0,0,0,0,0,0,,"none",1,1,0,0,0,,"yes",0,0,1,1,0,0,0,,,,,,,,,,,,,,0,0,1,0,0,0,0,1,0,0,0,0,,,,,,,,,,,,,,,,,,,"none",2304051412,"uuid:e8dc5cb9-9299-49ed-80cf-6a23d8282195",2023-04-12 20:52:28,2023-04-12 20:46:56,2023-04-12 20:52:28
"1046","291","Researcher (Other)",,"No","Private sector/For-profit organization",,1,0,0,0,,"Daily",,0,1,0,1,0,0,0,,99,1,0,0,1,1,1,1,0,0,0,,0,0,0,0,0,0,0,0,0,1,,"None",1,1,1,0,0,,"No",0,0,0,0,0,0,1,,,,,,,,,,,,,,,,,,,,,,,,,,,,,,,,,,,,,,,,,,,,"Accuracy",2304051412,"uuid:fd38a385-47bf-4544-8ab5-5e90868dbeea",2023-04-12 23:15:20,2023-04-12 23:10:30,2023-04-12 23:15:20
"1047","375","Researcher (Research Assistant)",,"No","Other, please specify","Freelancing",1,1,1,0,,"Daily",,0,0,0,0,0,0,0,"ODK and KOBO Tool Box",2,1,1,1,1,1,1,1,1,0,0,,0,0,0,0,0,0,0,0,1,0,,,1,0,0,0,0,,,0,0,0,0,0,0,0,"KOBO Tool Box",,,,,,,,,,,,,,,,,,,,,,,,,,,,,,,,,,,,,1,1,1,1,1,0,,2304051412,"uuid:14508b38-ec5a-4113-bd83-91bb49c3fb32",2023-04-13 00:32:20,2023-04-13 00:26:05,2023-04-13 00:32:20
"1048","615","Researcher (Research Assistant)",,"No","Government agency/ministry",,0,1,0,0,,"Daily",,1,0,0,1,1,0,0,,,1,1,1,1,1,1,1,1,1,0,,,,,,,,,,,,,"I can't really see any at the moment",1,0,1,0,0,,"I think it does.",0,0,0,0,0,0,1,,,,,,,,,,,,,,,,,,,,,,,,,,,,,,,,,,,,,,,,,,,,"Actually we have not developed to the extent of using these tools in data check. Don't have that level of knowledge yet.",2304051412,"uuid:926ed5a0-88e1-4e3e-84bf-151f8c48eca6",2023-04-13 01:11:17,2023-04-13 01:01:02,2023-04-13 01:11:17
"1049","20211","Researcher (Other)",,"No","University, research institute or think tank",,1,1,0,0,,"More than once a month",,0,0,0,0,0,0,0,"SPSS",1,0,1,0,0,0,0,0,1,0,0,,0,0,0,0,0,0,0,0,0,1,,"Disonesty of respondents",1,0,1,0,0,,"Yes",0,0,0,0,0,0,1,,,,,,,,,,,,,,,,,,,,,,,,,,,,,,,,,,,,,,,,,,,,"Data analysis and testing",2304051412,"uuid:6c03a8fe-c3f6-42c0-bd33-ca264f4b8de6",2023-04-13 01:14:07,2023-04-12 19:37:16,2023-04-13 01:14:07
"1050","98","M&E (Contractor)",,"No","Non-governmental organization (NGO)",,0,0,1,0,,"More than once a month",,0,0,1,0,0,0,0,,99,0,1,0,1,0,0,1,0,0,0,,0,0,1,0,0,0,0,1,1,0,,"99",0,1,1,0,0,,"99",1,1,0,0,1,0,0,,0,0,1,0,1,0,0,1,0,1,0,0,,,,,,,,,,,,,1,0,0,1,0,0,,,,,,,,,,,,,"99",2304051412,"uuid:970f1d69-c0d5-41f3-b5cb-554e1d80754d",2023-04-13 02:45:11,2023-04-13 02:43:33,2023-04-13 02:45:11
"1051","2304","Researcher (Other)",,"No","Private sector/For-profit organization",,0,0,0,1,,"Daily",,0,0,0,1,1,0,0,,99,1,1,1,1,1,1,1,1,1,0,,,,,,,,,,,,,"there is no one comphrasive platform to do all",1,1,1,1,0,,"Yes",1,0,0,0,0,0,0,,1,0,1,0,0,0,,,,,,,,,,,,,,,,,,,,,,,,,,,,,,,,,,,,,"all in one place",2304051412,"uuid:2107a3ab-a4eb-4297-8030-d0935872bef4",2023-04-13 02:57:05,2023-04-13 02:18:40,2023-04-13 02:57:05
"1052","1426","Researcher (Research Assistant)",,"Yes",,,1,1,1,0,,"Daily",,1,1,0,1,1,0,0,,5,1,1,0,1,1,1,1,1,1,0,,0,0,1,0,0,0,0,0,0,0,,"I can give you some general limitations or shortcomings of data quality checks that are typically performed using various tools and techniques: Limited scope: Data quality checks may only cover a subset of data, leaving other important areas unaddressed. This can result in incomplete or inaccurate data quality assessment. Lack of context: Data quality checks can be limited by a lack of understanding of the context in which the data was generated, making it difficult to determine the appropriate thresholds for data validation. False positives and false negatives: Data quality checks may flag data as being incorrect or problematic when it is actually valid, or vice versa. This can lead to wasted time and resources spent on correcting or verifying data that doesn't actually need attention, or overlooking actual errors. Limited automation: Data quality checks may require a significant amount of manual effort to set up and execute, which can be time-consuming and prone to human error. Inadequate reporting: Data quality checks may not provide clear, actionable reports on the issues detected, making it difficult to identify the root cause and take appropriate action. To address these limitations and shortcomings, it is important to use a combination of automated and manual techniques, have a clear understanding of the context in which the data was generated, and focus on creating meaningful and actionable reports. It's also important to continually evaluate and improve the data quality checks over time to ensure they remain effective and relevant.",1,1,1,1,0,,"I can speak to some general challenges that users may face with the outputs generated by various data quality checks: Lack of clarity: Outputs may not provide clear explanations of the issues detected or recommendations for how to address them. This can make it difficult for users to understand what actions they need to take to improve data quality. Difficulty in interpretation: Outputs may be complex or difficult to interpret, especially for users who are not familiar with the specific data quality checks being used. This can result in confusion or misinterpretation of the results. Incomplete information: Outputs may not provide a comprehensive picture of the data quality issues present, leaving users without a full understanding of the scope of the problem. Inability to integrate with existing systems: Outputs may not be in a format that can be easily integrated with existing data management or analysis systems, making it difficult to incorporate data quality checks into existing workflows. To address these challenges, it's important to ensure that outputs are clear, concise, and actionable. Outputs should provide users with a comprehensive view of the data quality issues present, along with clear recommendations for how to address them. Additionally, outputs should be designed to integrate seamlessly with existing data management or analysis systems, making it easy for users to incorporate data quality checks into their existing workflows.",0,0,1,0,0,1,0,,,,,,,,,,,,,,1,1,1,1,1,0,,,,,,,,,,,,,1,1,1,1,1,0,,,,,,,"A tool designed to create and run high frequency checks should ideally have the following features and functionalities: Customizable Check Parameters: The tool should allow users to set customized check parameters such as frequency, duration, threshold values, and data sources. This will enable users to tailor the checks to their specific needs. Real-time Data Processing: The tool should be capable of processing real-time data and generating alerts if any anomalies are detected. This will enable users to respond quickly to any issues. Automated Check Execution: The tool should automate the check execution process, eliminating the need for manual intervention. This will help save time and increase efficiency. Robust Data Analytics: The tool should be equipped with advanced data analytics capabilities that enable users to analyze large volumes of data quickly and accurately. This will help identify trends and patterns that could indicate potential issues. Customizable Alert Notifications: The tool should allow users to set customized alert notifications based on their preferences. This will help ensure that users are promptly notified of any issues. User-friendly Interface: The tool should have a user-friendly interface that is easy to navigate, enabling users to quickly set up and run checks. Integration with Existing Systems: The tool should be able to integrate with existing systems, enabling users to leverage existing data sources and avoid data silos. Scalability: The tool should be scalable, enabling users to handle large volumes of data and multiple checks simultaneously. Security: The tool should be designed with robust security features to protect sensitive data and prevent unauthorized access. Overall, a tool designed to create and run high frequency checks should be flexible, customizable, and user-friendly while also providing advanced data analytics and security features.",2304051412,"uuid:530898db-9fbe-4d33-a4ab-8a9999ae642a",2023-04-13 04:08:59,2023-04-13 03:45:12,2023-04-13 04:08:59
"1053","832","Researcher (Research Assistant)",,"No","Non-governmental organization (NGO)",,0,1,0,0,,"More than once a week",,0,0,0,0,1,0,0,,4,1,1,1,1,1,0,1,0,0,0,,0,0,0,0,0,1,0,1,1,0,,"not well detailed",0,0,1,0,0,,"no",1,0,0,1,0,0,0,,0,0,0,0,0,1,,,,,,,,,,,,,0,0,0,0,0,1,,,,,,,,,,,,,,,,,,,,2304051412,"uuid:f11edaa3-0552-4c1c-848d-4d358cb5961e",2023-04-13 04:09:34,2023-04-13 03:55:42,2023-04-13 04:09:34
"1054","5069","Data scientist",,"No","Non-governmental organization (NGO)",,1,1,1,0,,"Daily",,0,0,0,0,1,1,0,,2,1,1,1,0,0,1,0,1,1,0,"Recode other reponses",0,0,0,1,1,0,0,0,0,0,,"qualitative data analysis",1,0,0,0,0,,"YES",1,0,0,0,0,0,0,,1,1,0,1,0,0,,,,,,,,,,,,,,,,,,,,,,,,,,,,,,,,,,,,,,2304051412,"uuid:5bd2aa7c-417d-4a78-9046-6f304cb03ced",2023-04-13 06:27:07,2023-04-13 05:02:38,2023-04-13 06:27:07
"1055","479","M&E (In-House)",,"No","Non-governmental organization (NGO)",,0,0,0,0,,"Daily",,0,0,0,0,1,0,0,,48,1,1,1,1,0,1,0,0,0,0,,0,0,0,0,1,0,1,1,0,0,,"The know how on how to go about it",0,1,0,0,0,,"Yes",0,1,0,1,0,0,0,,,,,,,,1,0,0,0,0,0,,,,,,,1,0,0,0,0,0,,,,,,,,,,,,,,,,,,,"Ability to create a live dashboard",2304051412,"uuid:b135e7e6-e003-4cf9-8a7a-4dd2c83955f1",2023-04-13 06:34:28,2023-04-13 06:26:29,2023-04-13 06:34:28
"1056","209","Policy analyst",,"No","Government agency/ministry",,1,1,1,0,,"More than once a week",,1,0,0,0,0,0,0,,,1,1,1,1,1,1,1,1,1,0,,,,,,,,,,,,,,1,0,0,0,0,,,0,0,0,0,1,0,0,,,,,,,,,,,,,,,,,,,,,,,,,,0,1,0,0,0,0,,,,,,,,,,,,,,2304051412,"uuid:6b92ba55-37b6-4e95-b242-9b2870673b9b",2023-04-13 09:14:41,2023-04-13 09:11:12,2023-04-13 09:14:41
"1057","321","Data scientist",,"No","Development agency (FCDO,IADB, AfDB, UN, EU, etc)",,1,1,1,0,,"Weekly",,0,0,0,0,0,0,0,"My eyes and intuition",24,1,0,1,0,1,1,0,0,1,0,,0,1,0,0,0,0,0,0,0,0,,"The system would replicate itself and reverse all the corrections and lack of knowledge and capacity",1,0,0,0,0,,"It's not motivating to the checkers",0,0,0,0,0,0,1,,,,,,,,,,,,,,,,,,,,,,,,,,,,,,,,,,,,,,,,,,,,"I'd first like to know about the methods listed in the previous question",2304051412,"uuid:d9cd12f2-de66-434b-ae48-3e10c6bc1a8f",2023-04-13 10:52:26,2023-04-13 10:47:05,2023-04-13 10:52:26
"1058","272","M&E (Other)",,"No","Non-governmental organization (NGO)",,1,1,0,0,,"Weekly",,0,0,0,0,0,0,0,"Kobo, ODK",,1,1,0,1,0,0,0,0,0,0,,0,0,1,0,0,0,1,1,1,0,,,1,1,0,0,0,,,0,0,0,1,0,0,0,,,,,,,,,,,,,,,,,,,,1,1,0,1,0,0,,,,,,,,,,,,,,,,,,,,2304051412,"uuid:07716d9e-1910-4cd4-8642-7372fb0eb704",2023-04-13 11:38:41,2023-04-13 11:34:09,2023-04-13 11:38:41
"1059","636","Researcher (Other)",,"No","Other, please specify","Studied Research in Practice by DIME",1,0,1,0,,"Weekly",,0,0,0,0,0,0,0,"Mostly the data is in Excel so we ensure proper entry first then later we can export to research analysis tool",,1,1,1,1,0,1,1,1,1,0,,0,0,0,0,1,0,0,0,0,0,,"The output may not be correct since we are not yet using a data quality check tool si it's prone to errors loss of some valuable data",1,0,0,0,0,,"You have to keep analysing one parameter at a go it becomes tedious",0,0,0,0,0,0,1,,,,,,,,,,,,,,,,,,,,,,,,,,,,,,,,,,,,,,,,,,,,"A tool that enables data consistency even with delete you can still trace the history. One that help you in foreseeing your final output even while still in data collection process",2304051412,"uuid:da1737c4-dee6-44e9-9cef-81ab36128ec9",2023-04-13 12:51:45,2023-04-13 12:41:09,2023-04-13 12:51:45
"1060","473","Researcher (Research Assistant)",,"No","Government agency/ministry",,0,0,0,1,,"Once a month",,0,0,1,0,0,0,0,,99,0,0,0,1,0,0,0,0,0,0,,0,0,0,0,0,0,1,0,0,0,,"System Daley",1,0,0,0,0,,,0,0,0,0,0,0,1,,,,,,,,,,,,,,,,,,,,,,,,,,,,,,,,,,,,,,,,,,,,,2304051412,"uuid:3fd18b84-c350-403c-bc98-2b2fce25317d",2023-04-13 17:22:11,2023-04-13 17:14:18,2023-04-13 17:22:11
"1061","1016","Other, please specify","Medical Epidemiologist","No","Development agency (FCDO,IADB, AfDB, UN, EU, etc)",,0,1,0,0,,"Weekly",,1,0,0,0,0,0,0,,99,1,1,1,0,0,0,1,0,0,0,,0,0,0,0,0,0,0,0,1,0,,,1,0,0,0,0,,"Yes",0,0,0,0,0,0,1,,,,,,,,,,,,,,,,,,,,,,,,,,,,,,,,,,,,,,,,,,,,,2304051412,"uuid:ce300fc4-555c-433d-a442-286f528f47b9",2023-04-14 05:33:32,2023-04-14 05:16:36,2023-04-14 05:33:32
"1062","683","M&E (In-House)",,"No","Government agency/ministry",,0,0,0,1,,"Daily",,0,0,0,1,0,0,0,,,1,0,0,0,0,0,0,0,0,0,,0,0,0,0,0,0,0,0,0,0,,,1,0,0,0,0,,"Yes",0,0,0,0,0,0,1,,,,,,,,,,,,,,,,,,,,,,,,,,,,,,,,,,,,,,,,,,,,,2304051412,"uuid:2abd7f45-b789-4eb6-abc8-620e7e2936a4",2023-04-14 17:14:19,2023-04-14 17:02:55,2023-04-14 17:14:19
"1063","1039","Researcher (Research Assistant)",,"No","University, research institute or think tank",,1,1,1,0,,"Weekly",,0,0,0,0,1,0,0,,20,0,1,1,0,0,1,1,0,0,0,,1,0,0,1,1,0,0,0,1,0,,"financial need for field checks",1,0,1,0,0,,"yes",0,0,0,0,0,0,1,,,,,,,,,,,,,,,,,,,,,,,,,,,,,,,,,,,,,,,,,,,,"all the best",2304051412,"uuid:7c501b31-20de-440a-b722-964d590ab06d",2023-04-15 04:03:25,2023-04-15 03:46:06,2023-04-15 04:03:25
"1064","653","Researcher (Research Assistant)",,"No","University, research institute or think tank",,1,1,1,0,,"Daily",,0,0,0,0,1,0,0,,120,1,1,1,1,0,1,0,0,1,0,,0,0,0,0,0,0,1,0,0,0,,"Some logical checks",1,0,0,0,0,,"No, sometimes, we have a lot of sheets, and it is challenging explaining it to enumerators.",0,0,0,1,0,0,0,,,,,,,,,,,,,,,,,,,,1,0,0,0,1,0,,,,,,,,,,,,,,,,,,,"Computation of distance between two GPS",2304051412,"uuid:1e2ff94b-144b-4914-b6a2-6222ab4b6368",2023-04-15 11:36:18,2023-04-15 11:25:26,2023-04-15 11:36:18
"1065","314","Survey firm (Manager)",,"No","Non-governmental organization (NGO)",,1,1,1,0,,"Daily",,1,0,0,1,1,0,0,,80,1,1,1,1,1,1,1,1,0,0,,0,0,0,0,0,0,0,0,0,1,,"Generating summary based on data quality outputs that can be used for actionable steps",1,1,0,1,0,"Superset Dashboard","No -interpretation of results is a bottleneck",0,0,0,0,0,0,1,,,,,,,,,,,,,,,,,,,,,,,,,,,,,,,,,,,,,,,,,,,,"Highlight most problematic outputs in terms of DQ checks",2304051412,"uuid:ffc7206a-4937-4c97-9a2f-3e3174a95c62",2023-04-16 06:58:18,2023-04-16 06:53:04,2023-04-16 06:58:18
"1066","542","Researcher (Other)",,"No","Private sector/For-profit organization",,1,1,1,0,,"More than once a week",,1,0,0,0,0,0,0,,24,1,1,0,1,0,1,1,1,1,0,,0,0,1,0,0,0,0,0,0,0,,"We work on factory floors capturing datapoints through observations, and enumerators tend to misidentify people due to shifting of positions of participants. As it has to be discreet, we can’t do spot checks. Trying to find a solution to figure misidentified participants and be able to track enumerated level errors",0,1,1,0,0,,"There are way too many scattered outputs we received though each kind of DTC, backcheck a, HFCs, spot checks, survey validity checks  All these generate segregated outputs and as RAs are not skilled at shiny, our compiled data descriptive are all spread out which makes it hard to keep a track or check on it! Would be great to have a template code to compile all data quality checks to save time on long running projects with daily data collection",0,0,0,1,1,0,0,,,,,,,,,,,,,,,,,,,,0,0,1,0,1,0,0,0,0,0,0,1,,,,,,,,,,,,,,2304051412,"uuid:823b8288-4574-4cdd-a59c-51607a91a410",2023-04-16 07:09:33,2023-04-16 07:00:31,2023-04-16 07:09:33
"1067","515","Researcher (Other)",,"No","Development agency (FCDO,IADB, AfDB, UN, EU, etc)",,1,1,1,0,"I have been involved in all aspects in the past, but currently am only responsible for managing the design of such checks, not their actual implementation.","More than once a week",,0,0,0,1,1,0,0,,,1,1,1,1,1,1,1,1,0,0,"Non-response rates to key questions (by enumerator, geographic area, gender etc.) Length of survey (by Enumerator) Random audio audits",0,0,0,0,0,0,0,0,0,1,,"Outputs are in excel sheets that need to be forwarded to field leaders, dashboard would be better.",1,0,0,0,0,,"No; excel sheets are not dynamic. Requires sending to the field teams.",0,0,0,0,0,0,1,,,,,,,,,,,,,,,,,,,,,,,,,,,,,,,,,,,,,,,,,,,,"Easy to set up for my survey (perhaps comes with a manual for use), outputs are in dynamic but simple format (perhaps dashboard) that is shareable with field teams",2304051412,"uuid:49862af4-f514-472f-997c-585aea9d447b",2023-04-16 12:20:23,2023-04-16 12:11:48,2023-04-16 12:20:23
"1068","773","Researcher (Research Assistant)",,"No","Government agency/ministry",,1,0,1,0,,"More than once a week",,0,0,0,0,1,1,0,,72,0,1,0,1,0,0,0,1,0,0,,1,0,1,0,1,1,0,0,1,0,,"It's difficult for us to follow all questions, we focus our attention to few questions (variables).",1,0,0,0,0,,"No, because we must create many spread sheets and it is not easy to handle all this.",1,0,0,1,0,0,0,,0,0,0,0,0,1,,,,,,,,,,,,,0,0,0,0,0,1,,,,,,,,,,,,,,,,,,,"A tool easy to implement which takes no more time to apply.",2304051412,"uuid:bfcb8bc0-da70-439c-803c-73bb33c47293",2023-04-18 01:28:50,2023-04-18 01:15:57,2023-04-18 01:28:50
"1069","428","Researcher (Field Coordinator)",,"Yes",,,1,1,1,0,,"Daily",,1,0,0,1,1,0,0,,72,1,1,1,1,0,1,1,1,1,0,,0,0,0,0,1,0,0,0,0,0,,"The lack of flexibility to change the code in Stata",1,1,1,0,0,,"No, would like to include Shiny dashboard",0,0,0,0,0,0,1,,,,,,,,,,,,,,,,,,,,,,,,,,,,,,,,,,,,,,,,,,,,,2304051412,"uuid:b811a58d-00b4-4a75-be65-01490e27b649",2023-04-19 08:14:57,2023-04-19 08:07:49,2023-04-19 08:14:57
"1070","544","Researcher (Field Coordinator)",,"No","Private sector/For-profit organization",,1,0,1,0,,"More than once a week",,0,0,0,0,0,1,0,,,1,1,1,0,0,1,0,0,1,0,,0,0,0,1,1,0,0,1,0,0,,"-99",1,0,0,0,0,,"-99",0,0,1,0,1,0,0,,,,,,,,,,,,,,1,0,1,0,0,0,,,,,,,0,0,0,1,0,0,,,,,,,,,,,,,"-99",2304051412,"uuid:935aad38-8414-4d14-b7d3-4c642708ef68",2023-04-19 20:08:39,2023-04-19 19:59:35,2023-04-19 20:08:39
"1071","733","Researcher (Research Assistant)",,"No","Non-governmental organization (NGO)",,0,1,0,0,,"More than once a month",,0,0,0,0,1,0,0,,99,1,1,0,1,0,0,1,0,1,0,,0,0,0,0,1,0,0,1,0,0,,"Not acquainted with STATA",1,0,0,0,0,,"No idea",0,0,0,0,0,1,0,,,,,,,,,,,,,,,,,,,,,,,,,,,,,,,,1,0,0,0,0,0,,,,,,,"No idea",2304051412,"uuid:de0254b7-3f0e-4bb7-8310-c40dccbd59d7",2023-04-20 03:16:08,2023-04-20 03:03:55,2023-04-20 03:16:08
"1072","380","Researcher (Research Assistant)",,"Yes",,,1,0,0,0,,"Daily",,0,0,0,0,1,0,0,,100,1,1,1,1,1,1,1,1,0,0,,0,0,0,0,0,0,0,0,1,0,,"Really time intensive to set up just basic checks. We therefore did not have time to focus on more detailed inconsistencies that are problematic at the analysis stage.",1,1,0,0,0,,"Too heavy according to the data collection firm, so they would only focus on some specific outcomes (e.g. survey completion)",0,0,0,0,0,0,1,,,,,,,,,,,,,,,,,,,,,,,,,,,,,,,,,,,,,,,,,,,,"Reader-friendly dashboard",2304051412,"uuid:9ebee9e9-7745-47d6-89a2-23cad15d411c",2023-04-20 16:24:42,2023-04-20 16:18:21,2023-04-20 16:24:41
"1073","341","Researcher (Other)",,"Yes",,,0,1,0,0,,,,0,0,0,1,1,0,0,,,1,1,1,1,1,1,1,1,0,0,,0,0,0,0,0,0,0,0,1,0,,"How to effectively communicate these results to teams in the field (and ensure they are taking action)",1,1,0,0,0,,,0,0,0,0,0,0,1,,,,,,,,,,,,,,,,,,,,,,,,,,,,,,,,,,,,,,,,,,,,"It would be good that the tool can be better integrated with SurveyCTO's functionalities",2304051412,"uuid:f975839c-fd1c-4ffc-b2a6-537d17ae84d5",2023-04-20 16:39:56,2023-04-20 16:34:15,2023-04-20 16:39:56
"1074","276","Researcher (Research Assistant)",,"Yes",,,1,1,0,0,,"Once a month",,0,0,0,0,1,1,0,,24,1,1,1,0,0,1,0,1,0,0,,0,0,0,1,1,0,0,0,0,0,,,0,0,1,0,0,,,0,0,0,0,0,0,1,,,,,,,,,,,,,,,,,,,,,,,,,,,,,,,,,,,,,,,,,,,,,2304051412,"uuid:f82ca8a7-810f-4a54-badc-dd5ba3b402a1",2023-04-20 23:06:08,2023-04-20 23:01:31,2023-04-20 23:06:07
